INSERT INTO user_roles(role_name) VALUES ('admin')
INSERT INTO user_roles(role_name) VALUES ('passenger')

SELECT * FROM user_roles;

INSERT INTO users(name_of_user,fullname_of_user,citizenship,passport_series_and_number,passport_id,sex,birthdate,role_id) VALUES
('Aleksey','Kozlov','Belarus','MP6150023','3190672H012PB1','Male',1972-06-19,1)
INSERT INTO users(name_of_user,fullname_of_user,citizenship,passport_series_and_number,passport_id,sex,birthdate,role_id) VALUES
('Natalya','Shvets','Belarus','MN6150023','6190602M052PB9','Female',2002-04-09,2)
INSERT INTO users(name_of_user,fullname_of_user,citizenship,passport_series_and_number,passport_id,sex,birthdate,role_id) VALUES
('Alexandr','Shebekov','Belarus','MO6150023','3180690M023PB7','Male',1990-06-18,2)
INSERT INTO users(name_of_user,fullname_of_user,citizenship,passport_series_and_number,passport_id,sex,birthdate,role_id) VALUES
('Svetlana','Kremenko','Belarus','MO6150023','4130886B002PB63','Female',1986-08-13,2)
INSERT INTO users(name_of_user,fullname_of_user,citizenship,passport_series_and_number,passport_id,sex,birthdate,role_id) VALUES
('Oleg','Metelskiy','Belarus','MH6150023','3011264H045PB2','Male',1964-12-01,2)
INSERT INTO users(name_of_user,fullname_of_user,citizenship,passport_series_and_number,passport_id,sex,birthdate,role_id) VALUES
('Dmitriy','Abelov','Belarus','MP6150023','5290500V032PB14','Male',2000-05-29,2)

SELECT * FROM users;

INSERT INTO flights(flight_number,airplane_id,airport_id_arrive,airport_id_departure,arival_time,departure_time,gate_id_arival,gate_id_departure) VALUES
('SU 156',1,2,1,'2022-12-15 8:00:00.00 PM', '2022-12-15 6:00:00 PM', 2, 5)
INSERT INTO flights(flight_number,airplane_id,airport_id_arrive,airport_id_departure,arival_time,departure_time,gate_id_arival,gate_id_departure) VALUES
('SU 260',2,2,4,'2022-12-16 8:00:00.00 AM', '2022-12-16 6:00:00 AM', 2, 5)
INSERT INTO flights(flight_number,airplane_id,airport_id_arrive,airport_id_departure,arival_time,departure_time,gate_id_arival,gate_id_departure) VALUES
('LS 9658',3,3,5,'2022-12-17 8:00:00.00 PM', '2022-12-17 6:00:00 PM', 2, 5)
INSERT INTO flights(flight_number,airplane_id,airport_id_arrive,airport_id_departure,arival_time,departure_time,gate_id_arival,gate_id_departure) VALUES
('TX 3467',4,7,6,'2022-12-19 8:00:00.00 AM', '2022-12-18 6:00:00 AM', 2, 5)
INSERT INTO flights(flight_number,airplane_id,airport_id_arrive,airport_id_departure,arival_time,departure_time,gate_id_arival,gate_id_departure) VALUES
('BL 914',5,6,1,'2022-12-19 8:00:00.00 PM', '2022-12-19 6:00:00 PM', 2, 5)

SELECT * FROM flights;

INSERT INTO tickets (price, ticket_status, id_passanger, id_flight) VALUES (150, 1, 1, 1)
INSERT INTO tickets (price, ticket_status, id_passanger, id_flight) VALUES (180, 1, 2, 2)
INSERT INTO tickets (price, ticket_status, id_passanger, id_flight) VALUES (200, 1, 3, 3)
INSERT INTO tickets (price, ticket_status, id_passanger, id_flight) VALUES (150, 1, 4, 4)
INSERT INTO tickets (price, ticket_status, id_passanger, id_flight) VALUES (300, 1, 5, 5)
INSERT INTO tickets (price, ticket_status, id_passanger, id_flight) VALUES (500, 1, 6, 6)

SELECT * FROM tickets;

INSERT INTO airplanes(type_of_board) VALUES('Boeing 787')
INSERT INTO airplanes(type_of_board) VALUES('Boeing 777')
INSERT INTO airplanes(type_of_board) VALUES('Airbus A300')
INSERT INTO airplanes(type_of_board) VALUES('Airbus A380')
INSERT INTO airplanes(type_of_board) VALUES('A350 XWB')

SELECT * FROM airplanes;

INSERT INTO crews(airplane_id) VALUES(1)
INSERT INTO crews(airplane_id) VALUES(2)

SELECT * FROM crews;

INSERT INTO airplane_seats(airplane_id,seat_class,seat_number) VALUES(1,'Bisuness','1')
INSERT INTO airplane_seats(airplane_id,seat_class,seat_number) VALUES(1,'Bisuness','2')
INSERT INTO airplane_seats(airplane_id,seat_class,seat_number) VALUES(1,'Bisuness','3')
INSERT INTO airplane_seats(airplane_id,seat_class,seat_number) VALUES(1,'Bisuness','4')
INSERT INTO airplane_seats(airplane_id,seat_class,seat_number) VALUES(1,'Bisuness','5')
INSERT INTO airplane_seats(airplane_id,seat_class,seat_number) VALUES(1,'Bisuness','6')
INSERT INTO airplane_seats(airplane_id,seat_class,seat_number) VALUES(1,'Bisuness','7')
INSERT INTO airplane_seats(airplane_id,seat_class,seat_number) VALUES(1,'Bisuness','8')
INSERT INTO airplane_seats(airplane_id,seat_class,seat_number) VALUES(1,'Bisuness','9')
INSERT INTO airplane_seats(airplane_id,seat_class,seat_number) VALUES(1,'Bisuness','10')
INSERT INTO airplane_seats(airplane_id,seat_class,seat_number) VALUES(1,'Econom','11')
INSERT INTO airplane_seats(airplane_id,seat_class,seat_number) VALUES(1,'Econom','12')
INSERT INTO airplane_seats(airplane_id,seat_class,seat_number) VALUES(1,'Econom','13')
INSERT INTO airplane_seats(airplane_id,seat_class,seat_number) VALUES(1,'Econom','14')
INSERT INTO airplane_seats(airplane_id,seat_class,seat_number) VALUES(1,'Econom','15')
INSERT INTO airplane_seats(airplane_id,seat_class,seat_number) VALUES(1,'Econom','16')
INSERT INTO airplane_seats(airplane_id,seat_class,seat_number) VALUES(1,'Econom','17')
INSERT INTO airplane_seats(airplane_id,seat_class,seat_number) VALUES(1,'Econom','18')
INSERT INTO airplane_seats(airplane_id,seat_class,seat_number) VALUES(1,'Econom','19')
INSERT INTO airplane_seats(airplane_id,seat_class,seat_number) VALUES(1,'Econom','20')
INSERT INTO airplane_seats(airplane_id,seat_class,seat_number) VALUES(1,'Econom','21')
INSERT INTO airplane_seats(airplane_id,seat_class,seat_number) VALUES(1,'Econom','22')
INSERT INTO airplane_seats(airplane_id,seat_class,seat_number) VALUES(1,'Econom','23')
INSERT INTO airplane_seats(airplane_id,seat_class,seat_number) VALUES(1,'Econom','24')
INSERT INTO airplane_seats(airplane_id,seat_class,seat_number) VALUES(1,'Econom','25')
INSERT INTO airplane_seats(airplane_id,seat_class,seat_number) VALUES(1,'Econom','26')
INSERT INTO airplane_seats(airplane_id,seat_class,seat_number) VALUES(1,'Econom','27')
INSERT INTO airplane_seats(airplane_id,seat_class,seat_number) VALUES(1,'Econom','28')
INSERT INTO airplane_seats(airplane_id,seat_class,seat_number) VALUES(1,'Econom','29')
INSERT INTO airplane_seats(airplane_id,seat_class,seat_number) VALUES(1,'Econom','30')
INSERT INTO airplane_seats(airplane_id,seat_class,seat_number) VALUES(2,'Bisuness','1')
INSERT INTO airplane_seats(airplane_id,seat_class,seat_number) VALUES(2,'Bisuness','2')
INSERT INTO airplane_seats(airplane_id,seat_class,seat_number) VALUES(2,'Bisuness','3')
INSERT INTO airplane_seats(airplane_id,seat_class,seat_number) VALUES(2,'Bisuness','4')
INSERT INTO airplane_seats(airplane_id,seat_class,seat_number) VALUES(2,'Bisuness','5')
INSERT INTO airplane_seats(airplane_id,seat_class,seat_number) VALUES(2,'Bisuness','6')
INSERT INTO airplane_seats(airplane_id,seat_class,seat_number) VALUES(2,'Bisuness','7')
INSERT INTO airplane_seats(airplane_id,seat_class,seat_number) VALUES(2,'Bisuness','8')
INSERT INTO airplane_seats(airplane_id,seat_class,seat_number) VALUES(2,'Bisuness','9')
INSERT INTO airplane_seats(airplane_id,seat_class,seat_number) VALUES(2,'Bisuness','10')
INSERT INTO airplane_seats(airplane_id,seat_class,seat_number) VALUES(2,'Econom','11')
INSERT INTO airplane_seats(airplane_id,seat_class,seat_number) VALUES(2,'Econom','12')
INSERT INTO airplane_seats(airplane_id,seat_class,seat_number) VALUES(2,'Econom','13')
INSERT INTO airplane_seats(airplane_id,seat_class,seat_number) VALUES(2,'Econom','14')
INSERT INTO airplane_seats(airplane_id,seat_class,seat_number) VALUES(2,'Econom','15')
INSERT INTO airplane_seats(airplane_id,seat_class,seat_number) VALUES(2,'Econom','16')
INSERT INTO airplane_seats(airplane_id,seat_class,seat_number) VALUES(2,'Econom','17')
INSERT INTO airplane_seats(airplane_id,seat_class,seat_number) VALUES(2,'Econom','18')
INSERT INTO airplane_seats(airplane_id,seat_class,seat_number) VALUES(2,'Econom','19')
INSERT INTO airplane_seats(airplane_id,seat_class,seat_number) VALUES(2,'Econom','20')
INSERT INTO airplane_seats(airplane_id,seat_class,seat_number) VALUES(2,'Econom','21')
INSERT INTO airplane_seats(airplane_id,seat_class,seat_number) VALUES(2,'Econom','22')
INSERT INTO airplane_seats(airplane_id,seat_class,seat_number) VALUES(2,'Econom','23')
INSERT INTO airplane_seats(airplane_id,seat_class,seat_number) VALUES(2,'Econom','24')
INSERT INTO airplane_seats(airplane_id,seat_class,seat_number) VALUES(2,'Econom','25')
INSERT INTO airplane_seats(airplane_id,seat_class,seat_number) VALUES(2,'Econom','26')
INSERT INTO airplane_seats(airplane_id,seat_class,seat_number) VALUES(2,'Econom','27')
INSERT INTO airplane_seats(airplane_id,seat_class,seat_number) VALUES(2,'Econom','28')
INSERT INTO airplane_seats(airplane_id,seat_class,seat_number) VALUES(2,'Econom','29')
INSERT INTO airplane_seats(airplane_id,seat_class,seat_number) VALUES(2,'Econom','30')
INSERT INTO airplane_seats(airplane_id,seat_class,seat_number) VALUES(3,'Bisuness','1')
INSERT INTO airplane_seats(airplane_id,seat_class,seat_number) VALUES(3,'Bisuness','2')
INSERT INTO airplane_seats(airplane_id,seat_class,seat_number) VALUES(3,'Bisuness','3')
INSERT INTO airplane_seats(airplane_id,seat_class,seat_number) VALUES(3,'Bisuness','4')
INSERT INTO airplane_seats(airplane_id,seat_class,seat_number) VALUES(3,'Bisuness','5')
INSERT INTO airplane_seats(airplane_id,seat_class,seat_number) VALUES(3,'Bisuness','6')
INSERT INTO airplane_seats(airplane_id,seat_class,seat_number) VALUES(3,'Bisuness','7')
INSERT INTO airplane_seats(airplane_id,seat_class,seat_number) VALUES(3,'Bisuness','8')
INSERT INTO airplane_seats(airplane_id,seat_class,seat_number) VALUES(3,'Bisuness','9')
INSERT INTO airplane_seats(airplane_id,seat_class,seat_number) VALUES(3,'Bisuness','10')
INSERT INTO airplane_seats(airplane_id,seat_class,seat_number) VALUES(3,'Econom','11')
INSERT INTO airplane_seats(airplane_id,seat_class,seat_number) VALUES(3,'Econom','12')
INSERT INTO airplane_seats(airplane_id,seat_class,seat_number) VALUES(3,'Econom','13')
INSERT INTO airplane_seats(airplane_id,seat_class,seat_number) VALUES(3,'Econom','14')
INSERT INTO airplane_seats(airplane_id,seat_class,seat_number) VALUES(3,'Econom','15')
INSERT INTO airplane_seats(airplane_id,seat_class,seat_number) VALUES(3,'Econom','16')
INSERT INTO airplane_seats(airplane_id,seat_class,seat_number) VALUES(3,'Econom','17')
INSERT INTO airplane_seats(airplane_id,seat_class,seat_number) VALUES(3,'Econom','18')
INSERT INTO airplane_seats(airplane_id,seat_class,seat_number) VALUES(3,'Econom','19')
INSERT INTO airplane_seats(airplane_id,seat_class,seat_number) VALUES(3,'Econom','20')
INSERT INTO airplane_seats(airplane_id,seat_class,seat_number) VALUES(3,'Econom','21')
INSERT INTO airplane_seats(airplane_id,seat_class,seat_number) VALUES(3,'Econom','22')
INSERT INTO airplane_seats(airplane_id,seat_class,seat_number) VALUES(3,'Econom','23')
INSERT INTO airplane_seats(airplane_id,seat_class,seat_number) VALUES(3,'Econom','24')
INSERT INTO airplane_seats(airplane_id,seat_class,seat_number) VALUES(3,'Econom','25')
INSERT INTO airplane_seats(airplane_id,seat_class,seat_number) VALUES(3,'Econom','26')
INSERT INTO airplane_seats(airplane_id,seat_class,seat_number) VALUES(3,'Econom','27')
INSERT INTO airplane_seats(airplane_id,seat_class,seat_number) VALUES(3,'Econom','28')
INSERT INTO airplane_seats(airplane_id,seat_class,seat_number) VALUES(3,'Econom','29')
INSERT INTO airplane_seats(airplane_id,seat_class,seat_number) VALUES(3,'Econom','30')
INSERT INTO airplane_seats(airplane_id,seat_class,seat_number) VALUES(4,'Bisuness','1')
INSERT INTO airplane_seats(airplane_id,seat_class,seat_number) VALUES(4,'Bisuness','2')
INSERT INTO airplane_seats(airplane_id,seat_class,seat_number) VALUES(4,'Bisuness','3')
INSERT INTO airplane_seats(airplane_id,seat_class,seat_number) VALUES(4,'Bisuness','4')
INSERT INTO airplane_seats(airplane_id,seat_class,seat_number) VALUES(4,'Bisuness','5')
INSERT INTO airplane_seats(airplane_id,seat_class,seat_number) VALUES(4,'Bisuness','6')
INSERT INTO airplane_seats(airplane_id,seat_class,seat_number) VALUES(4,'Bisuness','7')
INSERT INTO airplane_seats(airplane_id,seat_class,seat_number) VALUES(4,'Bisuness','8')
INSERT INTO airplane_seats(airplane_id,seat_class,seat_number) VALUES(4,'Bisuness','9')
INSERT INTO airplane_seats(airplane_id,seat_class,seat_number) VALUES(4,'Bisuness','10')
INSERT INTO airplane_seats(airplane_id,seat_class,seat_number) VALUES(4,'Econom','11')
INSERT INTO airplane_seats(airplane_id,seat_class,seat_number) VALUES(4,'Econom','12')
INSERT INTO airplane_seats(airplane_id,seat_class,seat_number) VALUES(4,'Econom','13')
INSERT INTO airplane_seats(airplane_id,seat_class,seat_number) VALUES(4,'Econom','14')
INSERT INTO airplane_seats(airplane_id,seat_class,seat_number) VALUES(4,'Econom','15')
INSERT INTO airplane_seats(airplane_id,seat_class,seat_number) VALUES(4,'Econom','16')
INSERT INTO airplane_seats(airplane_id,seat_class,seat_number) VALUES(4,'Econom','17')
INSERT INTO airplane_seats(airplane_id,seat_class,seat_number) VALUES(4,'Econom','18')
INSERT INTO airplane_seats(airplane_id,seat_class,seat_number) VALUES(4,'Econom','19')
INSERT INTO airplane_seats(airplane_id,seat_class,seat_number) VALUES(4,'Econom','20')
INSERT INTO airplane_seats(airplane_id,seat_class,seat_number) VALUES(4,'Econom','21')
INSERT INTO airplane_seats(airplane_id,seat_class,seat_number) VALUES(4,'Econom','22')
INSERT INTO airplane_seats(airplane_id,seat_class,seat_number) VALUES(4,'Econom','23')
INSERT INTO airplane_seats(airplane_id,seat_class,seat_number) VALUES(4,'Econom','24')
INSERT INTO airplane_seats(airplane_id,seat_class,seat_number) VALUES(4,'Econom','25')
INSERT INTO airplane_seats(airplane_id,seat_class,seat_number) VALUES(4,'Econom','26')
INSERT INTO airplane_seats(airplane_id,seat_class,seat_number) VALUES(4,'Econom','27')
INSERT INTO airplane_seats(airplane_id,seat_class,seat_number) VALUES(4,'Econom','28')
INSERT INTO airplane_seats(airplane_id,seat_class,seat_number) VALUES(4,'Econom','29')
INSERT INTO airplane_seats(airplane_id,seat_class,seat_number) VALUES(4,'Econom','30')
INSERT INTO airplane_seats(airplane_id,seat_class,seat_number) VALUES(5,'Bisuness','1')
INSERT INTO airplane_seats(airplane_id,seat_class,seat_number) VALUES(5,'Bisuness','2')
INSERT INTO airplane_seats(airplane_id,seat_class,seat_number) VALUES(5,'Bisuness','3')
INSERT INTO airplane_seats(airplane_id,seat_class,seat_number) VALUES(5,'Bisuness','4')
INSERT INTO airplane_seats(airplane_id,seat_class,seat_number) VALUES(5,'Bisuness','5')
INSERT INTO airplane_seats(airplane_id,seat_class,seat_number) VALUES(5,'Bisuness','6')
INSERT INTO airplane_seats(airplane_id,seat_class,seat_number) VALUES(5,'Bisuness','7')
INSERT INTO airplane_seats(airplane_id,seat_class,seat_number) VALUES(5,'Bisuness','8')
INSERT INTO airplane_seats(airplane_id,seat_class,seat_number) VALUES(5,'Bisuness','9')
INSERT INTO airplane_seats(airplane_id,seat_class,seat_number) VALUES(5,'Bisuness','10')
INSERT INTO airplane_seats(airplane_id,seat_class,seat_number) VALUES(5,'Econom','11')
INSERT INTO airplane_seats(airplane_id,seat_class,seat_number) VALUES(5,'Econom','12')
INSERT INTO airplane_seats(airplane_id,seat_class,seat_number) VALUES(5,'Econom','13')
INSERT INTO airplane_seats(airplane_id,seat_class,seat_number) VALUES(5,'Econom','14')
INSERT INTO airplane_seats(airplane_id,seat_class,seat_number) VALUES(5,'Econom','15')
INSERT INTO airplane_seats(airplane_id,seat_class,seat_number) VALUES(5,'Econom','16')
INSERT INTO airplane_seats(airplane_id,seat_class,seat_number) VALUES(5,'Econom','17')
INSERT INTO airplane_seats(airplane_id,seat_class,seat_number) VALUES(5,'Econom','18')
INSERT INTO airplane_seats(airplane_id,seat_class,seat_number) VALUES(5,'Econom','19')
INSERT INTO airplane_seats(airplane_id,seat_class,seat_number) VALUES(5,'Econom','20')
INSERT INTO airplane_seats(airplane_id,seat_class,seat_number) VALUES(5,'Econom','21')
INSERT INTO airplane_seats(airplane_id,seat_class,seat_number) VALUES(5,'Econom','22')
INSERT INTO airplane_seats(airplane_id,seat_class,seat_number) VALUES(5,'Econom','23')
INSERT INTO airplane_seats(airplane_id,seat_class,seat_number) VALUES(5,'Econom','24')
INSERT INTO airplane_seats(airplane_id,seat_class,seat_number) VALUES(5,'Econom','25')
INSERT INTO airplane_seats(airplane_id,seat_class,seat_number) VALUES(5,'Econom','26')
INSERT INTO airplane_seats(airplane_id,seat_class,seat_number) VALUES(5,'Econom','27')
INSERT INTO airplane_seats(airplane_id,seat_class,seat_number) VALUES(5,'Econom','28')
INSERT INTO airplane_seats(airplane_id,seat_class,seat_number) VALUES(5,'Econom','29')
INSERT INTO airplane_seats(airplane_id,seat_class,seat_number) VALUES(5,'Econom','30')

SELECT * FROM airplane_seats;

INSERT INTO airports(airport_name,country, city) VALUES('Minsk National Airport','Belarus','Minsk')
INSERT INTO airports(airport_name,country, city) VALUES('Domodedovo Airport','Russia','Saint-Petesburg')
INSERT INTO airports(airport_name,country, city) VALUES('Frankfurt Airport','Germany','Frankfurt')
INSERT INTO airports(airport_name,country, city) VALUES('Beijing Daxing Airport','China','Beijing')
INSERT INTO airports(airport_name,country, city) VALUES('Sautned Airport','Great Britain','London')
INSERT INTO airports(airport_name,country, city) VALUES('Charles de Gaulle International Airport','France','Paris')
INSERT INTO airports(airport_name,country, city) VALUES('George Bush Intercontinental Airport','USA - Texas','Houston')

SELECT * FROM airports;

INSERT INTO gates(airport_id,number_of_gate) VALUES(1,'A1')
INSERT INTO gates(airport_id,number_of_gate) VALUES(1,'A2')
INSERT INTO gates(airport_id,number_of_gate) VALUES(1,'B1')
INSERT INTO gates(airport_id,number_of_gate) VALUES(1,'B2')
INSERT INTO gates(airport_id,number_of_gate) VALUES(2,'A1')
INSERT INTO gates(airport_id,number_of_gate) VALUES(2,'A2')
INSERT INTO gates(airport_id,number_of_gate) VALUES(2,'B1')
INSERT INTO gates(airport_id,number_of_gate) VALUES(2,'B2')
INSERT INTO gates(airport_id,number_of_gate) VALUES(3,'A1')
INSERT INTO gates(airport_id,number_of_gate) VALUES(3,'A2')
INSERT INTO gates(airport_id,number_of_gate) VALUES(3,'B1')
INSERT INTO gates(airport_id,number_of_gate) VALUES(3,'B2')
INSERT INTO gates(airport_id,number_of_gate) VALUES(4,'A1')
INSERT INTO gates(airport_id,number_of_gate) VALUES(4,'A2')
INSERT INTO gates(airport_id,number_of_gate) VALUES(4,'B1')
INSERT INTO gates(airport_id,number_of_gate) VALUES(4,'B2')
INSERT INTO gates(airport_id,number_of_gate) VALUES(5,'A1')
INSERT INTO gates(airport_id,number_of_gate) VALUES(5,'A2')
INSERT INTO gates(airport_id,number_of_gate) VALUES(5,'B1')
INSERT INTO gates(airport_id,number_of_gate) VALUES(5,'B2')
INSERT INTO gates(airport_id,number_of_gate) VALUES(6,'A1')
INSERT INTO gates(airport_id,number_of_gate) VALUES(6,'A2')
INSERT INTO gates(airport_id,number_of_gate) VALUES(6,'B1')
INSERT INTO gates(airport_id,number_of_gate) VALUES(6,'B2')
INSERT INTO gates(airport_id,number_of_gate) VALUES(7,'A1')
INSERT INTO gates(airport_id,number_of_gate) VALUES(7,'A2')
INSERT INTO gates(airport_id,number_of_gate) VALUES(7,'B1')
INSERT INTO gates(airport_id,number_of_gate) VALUES(7,'B2')

SELECT * FROM gates;

INSERT INTO personell_roles(role_name) VALUES ('pilot')
INSERT INTO personell_roles(role_name) VALUES ('stuard')

SELECT * FROM personell_roles;

INSERT INTO personells(name_of_personell, fullname_of_personell, sex, role_id, crew_id) VALUES 
('Timur','Prokofyev','Male',1,1)
INSERT INTO personells(name_of_personell, fullname_of_personell, sex, role_id, crew_id) VALUES 
('Nicolay','Trofimov','Male',1,1)
INSERT INTO personells(name_of_personell, fullname_of_personell, sex, role_id, crew_id) VALUES 
('Victor','Visockiy','Male',2,1)
INSERT INTO personells(name_of_personell, fullname_of_personell, sex, role_id, crew_id) VALUES 
('Veronika','Karpova','Female',2,1)
INSERT INTO personells(name_of_personell, fullname_of_personell, sex, role_id, crew_id) VALUES 
('Uliana','Markina','Female',2,1)
INSERT INTO personells(name_of_personell, fullname_of_personell, sex, role_id, crew_id) VALUES 
('Dmitriy','Titov','Male',1,2)
INSERT INTO personells(name_of_personell, fullname_of_personell, sex, role_id, crew_id) VALUES 
('Gleb','Semenov','Male',1,2)
INSERT INTO personells(name_of_personell, fullname_of_personell, sex, role_id, crew_id) VALUES 
('Artem','Ivanov','Male',2,2)
INSERT INTO personells(name_of_personell, fullname_of_personell, sex, role_id, crew_id) VALUES 
('Leya','Cvetkova','Female',2,2)
INSERT INTO personells(name_of_personell, fullname_of_personell, sex, role_id, crew_id) VALUES 
('Milana','Avdeeva','Female',2,2)

SELECT * FROM personell;